<?xml version="1.0" encoding="UTF-8"?>
<!DOCTYPE hibernate-configuration SYSTEM 
    "http://hibernate.sourceforge.net/hibernate-configuration-3.0.dtd">
<hibernate-configuration>
	<session-factory>
		
		<property name="hbm2ddl.auto">update</property>

		<property name="dialect">org.hibernate.dialect.OracleDialect</property>

		<property name="connection.url">jdbc:oracle:thin:@localhost:1521:xe</property>

		<property name="connection.username">user1</property>

		<property name="connection.password">sharma</property>

		<property name="connection.driver_class">oracle.jdbc.driver.OracleDriver</property>
		<mapping class="admin.database.Login"/>
		<mapping class="pojo.Product"/>

	</session-factory>
</hibernate-configuration>